/*
SQLyog Enterprise - MySQL GUI v8.14 
MySQL - 5.0.45-community-nt : Database - url
*********************************************************************
*/

/*!40101 SET NAMES utf8 */;

/*!40101 SET SQL_MODE=''*/;

/*!40014 SET @OLD_UNIQUE_CHECKS=@@UNIQUE_CHECKS, UNIQUE_CHECKS=0 */;
/*!40014 SET @OLD_FOREIGN_KEY_CHECKS=@@FOREIGN_KEY_CHECKS, FOREIGN_KEY_CHECKS=0 */;
/*!40101 SET @OLD_SQL_MODE=@@SQL_MODE, SQL_MODE='NO_AUTO_VALUE_ON_ZERO' */;
/*!40111 SET @OLD_SQL_NOTES=@@SQL_NOTES, SQL_NOTES=0 */;
CREATE DATABASE /*!32312 IF NOT EXISTS*/`url` /*!40100 DEFAULT CHARACTER SET latin1 */;

USE `url`;

/*Table structure for table `counts` */

DROP TABLE IF EXISTS `counts`;

CREATE TABLE `counts` (
  `c_short_url` varchar(200) NOT NULL default '',
  `c_url_type` varchar(100) NOT NULL,
  `c_os_win_phone` varchar(50) NOT NULL,
  `c_os_windows` varchar(50) NOT NULL,
  `c_os_iphone` varchar(50) NOT NULL,
  `c_os_ipad` varchar(50) NOT NULL,
  `c_os_kindle` varchar(50) NOT NULL,
  `c_os_android` varchar(50) NOT NULL,
  `c_os_playbook` varchar(50) NOT NULL,
  `c_os_blackberry` varchar(50) NOT NULL,
  `c_os_macintosh` varchar(50) NOT NULL,
  `c_os_linux` varchar(50) NOT NULL,
  `c_os_palm` varchar(50) NOT NULL,
  `c_os_others` varchar(50) NOT NULL,
  `c_browser_chrome` varchar(50) NOT NULL,
  `c_browser_firefox` varchar(50) NOT NULL,
  `c_browser_safari` varchar(50) NOT NULL,
  `c_browser_iternetexp` varchar(50) NOT NULL,
  `c_browser_opera` varchar(50) NOT NULL,
  `c_browser_blackberry` varchar(50) NOT NULL,
  `c_browser_mozilla` varchar(50) NOT NULL,
  `c_browser_others` varchar(50) NOT NULL,
  `data23` varchar(50) NOT NULL,
  `data24` varchar(50) NOT NULL,
  `data25` varchar(50) NOT NULL,
  `data26` varchar(50) NOT NULL,
  `data27` varchar(50) NOT NULL,
  `data28` varchar(50) NOT NULL,
  `data29` varchar(50) NOT NULL,
  `data30` varchar(50) NOT NULL
) ENGINE=InnoDB DEFAULT CHARSET=latin1;

/*Data for the table `counts` */

insert  into `counts`(`c_short_url`,`c_url_type`,`c_os_win_phone`,`c_os_windows`,`c_os_iphone`,`c_os_ipad`,`c_os_kindle`,`c_os_android`,`c_os_playbook`,`c_os_blackberry`,`c_os_macintosh`,`c_os_linux`,`c_os_palm`,`c_os_others`,`c_browser_chrome`,`c_browser_firefox`,`c_browser_safari`,`c_browser_iternetexp`,`c_browser_opera`,`c_browser_blackberry`,`c_browser_mozilla`,`c_browser_others`,`data23`,`data24`,`data25`,`data26`,`data27`,`data28`,`data29`,`data30`) values ('http://www.urllive.in:8084/UrlLive/zXeHC8','Link Shortering','0','8','0','0','0','0','0','0','0','0','0','0','7','1','0','0','0','0','0','0','','','','','','','',''),('http://www.urllive.in:8084/UrlLive/zxv21M','Link Shortering','0','12','0','0','0','0','0','0','0','0','0','0','4','8','0','0','0','0','0','0','','','','','','','',''),('http://www.urllive.in:8084/UrlLive/zAqrXb','Link Shortering','0','4','0','0','0','0','0','0','0','0','0','0','3','1','0','0','0','0','0','0','','','','','','','',''),('http://www.urllive.in:8084/UrlLive/zDGgqi','Link Shortering','0','5','0','0','0','0','0','0','0','0','0','0','5','0','0','0','0','0','0','0','','','','','','','',''),('http://www.urllive.in:8084/UrlLive/zX8gl9','Link Shortering','0','2','0','0','0','0','0','0','0','0','0','0','2','0','0','0','0','0','0','0','','','','','','','',''),('http://www.urllive.in:8084/UrlLive/z9tB3x','Link Shortering','0','1','0','0','0','0','0','0','0','0','0','0','1','0','0','0','0','0','0','0','','','','','','','',''),('http://www.urllive.in:8084/UrlLive/zQC58v','Link Shortering','0','1','0','0','0','0','0','0','0','0','0','0','1','0','0','0','0','0','0','0','','','','','','','',''),('http://www.urllive.in:8084/UrlLive/tyagK8','Whatsapp Bulk Message','0','2','0','0','0','0','0','0','0','0','0','0','2','0','0','0','0','0','0','0','','','','','','','',''),('http://www.urllive.in:8084/UrlLive/taypaU','Whatsapp Bulk Message','0','1','0','0','0','0','0','0','0','0','0','0','1','0','0','0','0','0','0','0','','','','','','','',''),('http://www.urllive.in:8084/UrlLive/tuCLIs','Whatsapp Bulk Message','0','0','0','0','0','0','0','0','0','0','0','0','0','0','0','0','0','0','0','0','','','','','','','',''),('http://www.urllive.in:8084/UrlLive/t679ye','Whatsapp Bulk Message','0','2','0','0','0','0','0','0','0','0','0','0','2','0','0','0','0','0','0','0','','','','','','','',''),('http://www.urllive.in:8084/UrlLive/tiFmy4','Whatsapp Bulk Message','0','26','0','0','0','0','0','0','0','0','0','0','24','2','0','0','0','0','0','0','','','','','','','',''),('http://www.urllive.in:8084/UrlLive/iqMFXh','Whatsapp Chat Message','0','1','0','0','0','0','0','0','0','0','0','0','1','0','0','0','0','0','0','0','','','','','','','',''),('http://www.urllive.in:8084/UrlLive/pmZX77','Email Shortering','0','60','0','0','0','0','0','0','0','0','0','0','59','0','0','0','0','0','0','0','','','','','','','',''),('http://www.urllive.in:8084/UrlLive/zhThqB','Link Shortering','0','0','0','0','0','0','0','0','0','0','0','0','0','0','0','0','0','0','0','0','','','','','','','',''),('http://www.urllive.in:8084/UrlLive/zMw1za','Link Shortering','0','0','0','0','0','0','0','0','0','0','0','0','0','0','0','0','0','0','0','0','','','','','','','',''),('http://www.urllive.in:8084/UrlLive/zp4NWy','Link Shortering','0','1','0','0','0','0','0','0','0','0','0','0','1','0','0','0','0','0','0','0','','','','','','','',''),('http://www.urllive.in:8084/UrlLive/zW2BLo','Link Shortering','0','29','0','0','0','0','0','0','0','0','0','0','29','0','0','0','0','0','0','0','','','','','','','',''),('http://www.urllive.in:8084/UrlLive/z4g5IP','Link Shortering','0','15','0','0','0','0','0','0','0','0','0','0','15','0','0','0','0','0','0','0','','','','','','','',''),('http://www.urllive.in:8084/UrlLive/zzUbkw','Link Shortering','0','7','0','0','0','0','0','0','0','0','0','0','7','0','0','0','0','0','0','0','','','','','','','',''),('http://www.urllive.in:8084/UrlLive/zC8Irw','Link Shortering','0','2','0','0','0','0','0','0','0','0','0','0','2','0','0','0','0','0','0','0','','','','','','','',''),('http://www.urllive.in:8084/UrlLive/x7cWuV','Facebook Link','0','5','0','0','0','0','0','0','0','0','0','0','5','0','0','0','0','0','0','0','','','','','','','',''),('http://www.urllive.in:8084/UrlLive/SHI726','Twitter Link','0','3','0','0','0','0','0','0','0','0','0','0','3','0','0','0','0','0','0','0','','','','','','','',''),('http://www.urllive.in:8084/UrlLive/Zkf7rr','Twitter Link','0','0','0','0','0','0','0','0','0','0','0','0','0','0','0','0','0','0','0','0','','','','','','','',''),('http://www.urllive.in:8084/UrlLive/yci4OH','Twitter Link','0','1','0','0','0','0','0','0','0','0','0','0','1','0','0','0','0','0','0','0','','','','','','','',''),('http://www.urllive.in:8084/UrlLive/jAieiT','Twitter Link','0','1','0','0','0','0','0','0','0','0','0','0','1','0','0','0','0','0','0','0','','','','','','','',''),('http://www.urllive.in:8084/UrlLive/YlmNwm','Twitter Link','0','1','0','0','0','0','0','0','0','0','0','0','1','0','0','0','0','0','0','0','','','','','','','',''),('http://www.urllive.in:8084/UrlLive/6zr0fd','Twitter Link','0','1','0','0','0','0','0','0','0','0','0','0','1','0','0','0','0','0','0','0','','','','','','','',''),('http://www.urllive.in:8084/UrlLive/ofX0Rv','Twitter Link','0','1','0','0','0','0','0','0','0','0','0','0','1','0','0','0','0','0','0','0','','','','','','','',''),('http://www.urllive.in:8084/UrlLive/ucWUfv','Twitter Link','0','1','0','0','0','0','0','0','0','0','0','0','1','0','0','0','0','0','0','0','','','','','','','',''),('http://www.urllive.in:8084/UrlLive/h2R5Bp','Linkedin Link','0','1','0','0','0','0','0','0','0','0','0','0','1','0','0','0','0','0','0','0','','','','','','','',''),('http://www.urllive.in:8084/UrlLive/61ZTZN','Linkedin Link','0','1','0','0','0','0','0','0','0','0','0','0','1','0','0','0','0','0','0','0','','','','','','','',''),('http://www.urllive.in:8084/UrlLive/3RcCk8','Linkedin Link','0','1','0','0','0','0','0','0','0','0','0','0','1','0','0','0','0','0','0','0','','','','','','','',''),('http://www.urllive.in:8084/UrlLive/FctcZL','Linkedin Link','0','1','0','0','0','0','0','0','0','0','0','0','1','0','0','0','0','0','0','0','','','','','','','',''),('http://www.urllive.in:8084/UrlLive/xFSQMs','Link Shortering','0','1','0','0','0','0','0','0','0','0','0','0','1','0','0','0','0','0','0','0','','','','','','','',''),('http://www.urllive.in:8084/UrlLive/google/F6xa','Custom URL','0','10','0','0','0','0','0','0','0','0','0','0','10','0','0','0','0','0','0','0','','','','','','','',''),('http://www.urllive.in:8084/UrlLive/UsWEru','Link Shortering','0','30','0','0','0','0','0','0','0','0','0','0','30','0','0','0','0','0','0','0','','','','','','','',''),('http://www.urllive.in:8084/UrlLive/google/bOlz','Custom URL','0','10','0','0','0','0','0','0','0','0','0','0','10','0','0','0','0','0','0','0','','','','','','','',''),('http://www.urllive.in:8084/UrlLive/WvtQeX','Link Shortering','0','0','0','0','0','0','0','0','0','0','0','0','0','0','0','0','0','0','0','0','','','','','','','',''),('http://www.urllive.in:8084/UrlLive/S40f8C','Link Shortering','0','5','0','0','0','0','0','0','0','0','0','0','5','0','0','0','0','0','0','0','','','','','','','',''),('http://www.urllive.in:8084/UrlLive/abhi/dwa0','Custom URL','0','10','0','0','0','0','0','0','0','0','0','0','10','0','0','0','0','0','0','0','','','','','','','',''),('http://www.urllive.in:8084/UrlLive/yahoo/QwIh','Custom URL','0','5','0','0','0','0','0','0','0','0','0','0','5','0','0','0','0','0','0','0','','','','','','','',''),('http://www.urllive.in:8084/UrlLive/9oevMR','Link Shortering','0','2','0','0','0','0','0','0','0','0','0','0','2','0','0','0','0','0','0','0','','','','','','','',''),('http://www.urllive.in:8084/UrlLive/XMNp96','Twitter Link','0','3','0','0','0','0','0','0','0','0','0','0','3','0','0','0','0','0','0','0','','','','','','','',''),('http://www.urllive.in:8084/UrlLive/p770Su','Twitter Link','0','1','0','0','0','0','0','0','0','0','0','0','1','0','0','0','0','0','0','0','','','','','','','',''),('http://www.urllive.in:8084/UrlLive/4PbrKX','Twitter Link','0','5','0','0','0','0','0','0','0','0','0','0','5','0','0','0','0','0','0','0','','','','','','','',''),('http://www.urllive.in:8084/UrlLive/uBOTg0','Twitter Link','0','2','0','0','0','0','0','0','0','0','0','0','2','0','0','0','0','0','0','0','','','','','','','',''),('http://www.urllive.in:8084/UrlLive/fREk50','Twitter Link','0','2','0','0','0','0','0','0','0','0','0','0','2','0','0','0','0','0','0','0','','','','','','','',''),('http://www.urllive.in:8084/UrlLive/LktSfp','Link Shortering','0','4','0','0','0','0','0','0','0','0','0','0','2','2','0','0','0','0','0','0','','','','','','','',''),('http://www.urllive.in:8084/UrlLive/vivek/QLQr','Custom URL','0','3','0','0','0','0','0','0','0','0','0','0','3','0','0','0','0','0','0','0','','','','','','','',''),('http://www.urllive.in:8084/UrlLive/BsTaWn','Whatsapp Bulk Message','0','1','0','0','0','0','0','0','0','0','0','0','1','0','0','0','0','0','0','0','','','','','','','',''),('http://www.urllive.in:8084/UrlLive/uBbSKS','Whatsapp Chat Message','0','1','0','0','0','0','0','0','0','0','0','0','1','0','0','0','0','0','0','0','','','','','','','',''),('http://www.urllive.in:8084/UrlLive/5jsWmq','Email Link','0','1','0','0','0','0','0','0','0','0','0','0','1','0','0','0','0','0','0','0','','','','','','','',''),('http://www.urllive.in:8084/UrlLive/gRJ7lE','Facebook Link','0','1','0','0','0','0','0','0','0','0','0','0','1','0','0','0','0','0','0','0','','','','','','','',''),('http://www.urllive.in:8084/UrlLive/A2mrjI','Twitter Link','0','1','0','0','0','0','0','0','0','0','0','0','1','0','0','0','0','0','0','0','','','','','','','',''),('http://www.urllive.in:8084/UrlLive/j7tw1U','Link Shortering','0','1','0','0','0','0','0','0','0','0','0','0','1','0','0','0','0','0','0','0','','','','','','','',''),('http://www.urllive.in:8084/UrlLive/1RXNn3','Link Shortering','0','3','0','0','0','0','0','0','0','0','0','0','3','0','0','0','0','0','0','0','','','','','','','',''),('http://www.urllive.in:8084/UrlLive/ank/8WE2','Custom URL','0','1','0','0','0','0','0','0','0','0','0','0','1','0','0','0','0','0','0','0','','','','','','','',''),('http://www.urllive.in:8084/UrlLive/HVDH6E','Link Shortering','0','0','0','0','0','0','0','0','0','0','0','0','0','0','0','0','0','0','0','0','','','','','','','',''),('http://www.urllive.in:8084/UrlLive/yzNduF','Link Shortering','0','4','0','0','0','0','0','0','0','0','0','0','2','2','0','0','0','0','0','0','','','','','','','',''),('http://www.urllive.in:8084/UrlLive/CS/gReH','Custom URL','0','0','0','0','0','0','0','0','0','0','0','0','0','0','0','0','0','0','0','0','','','','','','','',''),('http://www.urllive.in:8084/UrlLive/CS/3QJr','Custom URL','0','5','0','0','0','0','0','0','0','0','0','0','5','0','0','0','0','0','0','0','','','','','','','',''),('http://www.urllive.in:8084/UrlLive/KhVwo8','Whatsapp Bulk Message','0','1','0','0','0','0','0','0','0','0','0','0','1','0','0','0','0','0','0','0','','','','','','','',''),('http://www.urllive.in:8084/UrlLive/5bEfJW','Email Link','0','1','0','0','0','0','0','0','0','0','0','0','1','0','0','0','0','0','0','0','','','','','','','',''),('http://www.urllive.in:8084/UrlLive/L4wUED','Facebook Link','0','1','0','0','0','0','0','0','0','0','0','0','1','0','0','0','0','0','0','0','','','','','','','',''),('http://www.urllive.in:8084/UrlLive/DFNzp4','Twitter Link','0','2','0','0','0','0','0','0','0','0','0','0','2','0','0','0','0','0','0','0','','','','','','','',''),('http://www.urllive.in:8084/UrlLive/49Pu0Y','Link Shortering','0','2','0','0','0','0','0','0','0','0','0','0','2','0','0','0','0','0','0','0','','','','','','','',''),('http://www.urllive.in:8084/UrlLive/rahuljain/vhGd','Custom URL','0','3','0','0','0','0','0','0','0','0','0','0','3','0','0','0','0','0','0','0','','','','','','','',''),('http://www.urllive.in:8084/UrlLive/pdFMbG','Link Shortering','0','3','0','0','0','0','0','0','0','0','0','0','3','0','0','0','0','0','0','0','','','','','','','',''),('http://www.urllive.in:8084/UrlLive/vinod/2W7G','Custom URL','0','6','0','0','0','0','0','0','0','0','0','0','6','0','0','0','0','0','0','0','','','','','','','',''),('http://www.urllive.in:8084/UrlLive/ZsMQZY','Twitter Link','0','2','0','0','0','0','0','0','0','0','0','0','2','0','0','0','0','0','0','0','','','','','','','',''),('http://www.urllive.in:8084/UrlLive/A569v0','Link Shortering','0','3','0','0','0','0','0','0','0','0','0','0','3','0','0','0','0','0','0','0','','','','','','','',''),('http://www.urllive.in:8084/UrlLive/om3HcU','Link Shortering','0','3','0','0','0','0','0','0','0','0','0','0','3','0','0','0','0','0','0','0','','','','','','','','');

/*Table structure for table `report` */

DROP TABLE IF EXISTS `report`;

CREATE TABLE `report` (
  `url` varchar(200) NOT NULL default '',
  `date` varchar(12) NOT NULL,
  `time` varchar(12) NOT NULL,
  `comment` varchar(250) NOT NULL,
  `ip` varchar(30) NOT NULL default ''
) ENGINE=InnoDB DEFAULT CHARSET=latin1;

/*Data for the table `report` */

insert  into `report`(`url`,`date`,`time`,`comment`,`ip`) values ('http://www.urllive.in:8084/UrlLive/pmZX77','11/05/2020','03:42:07 PM','This URL contains virus.','157.34.111.55'),('http://www.urllive.in:8084/UrlLive/zW2BLo','11/05/2020','05:33:57 PM','This URL contains malware.','47.247.187.27'),('http://www.urllive.in:8084/UrlLive/z4g5IP','11/05/2020','06:35:19 PM','This URL may hacked user\'s data.','47.247.187.27'),('http://www.urllive.in:8084/UrlLive/google/bOlz','12/05/2020','09:57:23 PM','This URL contains unwanted data.','157.34.28.5'),('http://www.urllive.in:8084/UrlLive/vivek/QLQr','18/05/2020','01:04:51 PM','This URL contains virus.','157.34.55.119'),('http://www.urllive.in:8084/UrlLive/CS/3QJr','30/05/2020','11:40:16 AM','This URL contains virus.','47.247.95.102'),('http://www.urllive.in:8084/UrlLive/rahuljain/vhGd','08/06/2020','07:58:32 PM','This URL contains Spamming.','157.34.116.13'),('http://www.urllive.in:8084/UrlLive/vinod/2W7G','11/06/2020','09:27:15 PM','This URL is not safe.','157.34.110.143');

/*Table structure for table `report_count` */

DROP TABLE IF EXISTS `report_count`;

CREATE TABLE `report_count` (
  `reported_url` varchar(200) NOT NULL default '',
  `counts` varchar(5) NOT NULL
) ENGINE=InnoDB DEFAULT CHARSET=latin1;

/*Data for the table `report_count` */

insert  into `report_count`(`reported_url`,`counts`) values ('http://www.urllive.in:8084/UrlLive/pmZX77','1'),('http://www.urllive.in:8084/UrlLive/zW2BLo','1'),('http://www.urllive.in:8084/UrlLive/z4g5IP','1'),('http://www.urllive.in:8084/UrlLive/google/bOlz','1'),('http://www.urllive.in:8084/UrlLive/vivek/QLQr','1'),('http://www.urllive.in:8084/UrlLive/CS/3QJr','1'),('http://www.urllive.in:8084/UrlLive/rahuljain/vhGd','1'),('http://www.urllive.in:8084/UrlLive/vinod/2W7G','1');

/*Table structure for table `url` */

DROP TABLE IF EXISTS `url`;

CREATE TABLE `url` (
  `long_url` varchar(7500) NOT NULL,
  `short_url` varchar(200) NOT NULL default '',
  `url_date` varchar(12) NOT NULL,
  `url_time` varchar(12) NOT NULL default '',
  `url_os` varchar(30) NOT NULL,
  `url_browser` varchar(30) NOT NULL,
  `url_ip_add` varchar(30) NOT NULL,
  `url_type` varchar(100) NOT NULL default '',
  `url_city` varchar(30) NOT NULL default '',
  `url_country` varchar(30) NOT NULL default '',
  `url_region` varchar(30) NOT NULL default '',
  `url_postal` varchar(30) NOT NULL default '',
  `url_location` varchar(30) NOT NULL default '',
  `data14` varchar(30) NOT NULL default '',
  `data15` varchar(30) NOT NULL default ''
) ENGINE=InnoDB DEFAULT CHARSET=latin1;

/*Data for the table `url` */

insert  into `url`(`long_url`,`short_url`,`url_date`,`url_time`,`url_os`,`url_browser`,`url_ip_add`,`url_type`,`url_city`,`url_country`,`url_region`,`url_postal`,`url_location`,`data14`,`data15`) values ('https://www.google.com/','http://www.urllive.in:8084/UrlLive/zXeHC8','07/05/2020','08:28:08 PM','Windows','Chrome','47.247.76.47','Link Shortering','Raipur','IN','Chhattisgarh','492013','21.2333,81.6333','',''),('https://www.twitter.com/','http://www.urllive.in:8084/UrlLive/zxv21M','08/05/2020','06:42:13 PM','Windows','Chrome','47.247.72.163','Link Shortering','Indore','IN','Madhya Pradesh','452002','22.7179,75.8333','',''),('https://www.facebook.com/','http://www.urllive.in:8084/UrlLive/zAqrXb','08/05/2020','06:55:14 PM','Windows','Chrome','47.247.12.183','Link Shortering','Indore','IN','Madhya Pradesh','452002','22.7179,75.8333','',''),('https://www.linkedin.com/','http://www.urllive.in:8084/UrlLive/zDGgqi','08/05/2020','07:29:17 PM','Windows','Chrome','47.247.238.78','Link Shortering','Mumbai','IN','Maharashtra','400070','19.0728,72.8826','',''),('https://free-email-signature.exclaimer.com/finished/gmail','http://www.urllive.in:8084/UrlLive/zX8gl9','08/05/2020','07:56:13 PM','Windows','Chrome','','Link Shortering','','','','','','',''),('https://www.viralpatel.net/create-qr-codes-java-servlet-qr-code-java/','http://www.urllive.in:8084/UrlLive/z9tB3x','08/05/2020','07:58:26 PM','Windows','Chrome','47.247.209.217','Link Shortering','Bhopal','IN','Madhya Pradesh','464993','23.2547,77.4029','',''),('http://www.urllive.in:8084/UrlLive/z9tB3x','http://www.urllive.in:8084/UrlLive/zQC58v','08/05/2020','08:01:16 PM','Windows','Chrome','47.247.209.217','Link Shortering','Bhopal','IN','Madhya Pradesh','464993','23.2547,77.4029','',''),('https://api.whatsapp.com/send?text=Hello%2C%0D%0AI+am+Ankush.%0A%0A*https://www.facebook.com/*&app_absent=true','http://www.urllive.in:8084/UrlLive/tyagK8','09/05/2020','12:10:34 PM','Windows','Chrome','157.34.29.80','Whatsapp Bulk Message','Bhopal','IN','Madhya Pradesh','464993','23.2547,77.4029','',''),('https://api.whatsapp.com/send?text=Hello%2C%0D%0AI+am+Ankush.%0A%0A*urllive.in:8084/UrlLive/whatsapp/api*&app_absent=true','http://www.urllive.in:8084/UrlLive/taypaU','09/05/2020','01:13:55 PM','Windows','Chrome','157.34.29.80','Whatsapp Bulk Message','Bhopal','IN','Madhya Pradesh','464993','23.2547,77.4029','',''),('https://api.whatsapp.com/send?text=I+found+a+channel...%0A%0A*urllive.in:8084/UrlLive/whatsapp/api*&app_absent=true','http://www.urllive.in:8084/UrlLive/tuCLIs','09/05/2020','01:24:11 PM','Windows','Chrome','','Whatsapp Bulk Message','','','','','','',''),('https://api.whatsapp.com/send?text=Hii%2C%0D%0AAnkush+Lokhnade+Channel...%0A%0A*urllive.in:8084/UrlLive/whatsapp/api*&app_absent=true','http://www.urllive.in:8084/UrlLive/t679ye','09/05/2020','01:29:14 PM','Windows','Chrome','157.34.88.154','Whatsapp Bulk Message','Indore','IN','Madhya Pradesh','452002','22.7179,75.8333','',''),('https://api.whatsapp.com/send?text=Hiii&app_absent=true','http://www.urllive.in:8084/UrlLive/tiFmy4','09/05/2020','02:20:24 PM','Windows','Chrome','157.34.88.154','Whatsapp Bulk Message','Indore','IN','Madhya Pradesh','452002','22.7179,75.8333','',''),('https://api.whatsapp.com/send?phone=918871152219&text=Hello%2C%0D%0AThis+program+is+used+to+test...%0A%0A*www.urllive.in:8084/UrlLive/whatsapp/api*&app_absent=true','http://www.urllive.in:8084/UrlLive/iqMFXh','09/05/2020','03:03:59 PM','Windows','Chrome','157.34.88.154','Whatsapp Chat Message','Indore','IN','Madhya Pradesh','452002','22.7179,75.8333','',''),('mailto:ankush13lokhande@gmail.com?cc=a1@gmail.com, a2@gmail.com&bcc=a3@gmail.com, a4@gmail.com&subject=SUBJECT&body=HEAD+is+BOdy%2C%0D%0A%26+body+is+head...','http://www.urllive.in:8084/UrlLive/pmZX77','09/05/2020','09:46:03 PM','Windows','Chrome','157.34.72.134','Email Shortering','Airoli','IN','Maharashtra','400701','19.1167,72.9833','',''),('https://www.yahoo.com','http://www.urllive.in:8084/UrlLive/zhThqB','10/05/2020','03:36:10 PM','Windows','Chrome','157.34.80.106','Link Shortering','Indore','IN','Madhya Pradesh','452002','22.7179,75.8333','',''),('www.urllive.in:8084/UrlLive/url/shorter','http://www.urllive.in:8084/UrlLive/zMw1za','10/05/2020','03:37:38 PM','Windows','Chrome','157.34.80.106','Link Shortering','Indore','IN','Madhya Pradesh','452002','22.7179,75.8333','',''),('https://www.bing.com','http://www.urllive.in:8084/UrlLive/zp4NWy','10/05/2020','03:55:49 PM','Windows','Chrome','157.34.80.106','Link Shortering','Indore','IN','Madhya Pradesh','452002','22.7179,75.8333','',''),('https://www.bing.com/','http://www.urllive.in:8084/UrlLive/zW2BLo','10/05/2020','03:59:46 PM','Windows','Chrome','157.34.80.106','Link Shortering','Indore','IN','Madhya Pradesh','452002','22.7179,75.8333','',''),('https://www.youtube.com/MrLokhande','http://www.urllive.in:8084/UrlLive/z4g5IP','11/05/2020','06:28:52 PM','Windows','Chrome','47.247.187.27','Link Shortering','Indore','IN','Madhya Pradesh','452002','22.7179,75.8333','',''),('https://www.facebook.com/sharer/sharer.php?t=Heloo&u=https%3A%2F%2Fwww.websiteplanet.com','http://www.urllive.in:8084/UrlLive/zC8Irw','12/05/2020','12:24:32 AM','Windows','Chrome','157.34.38.157','Link Shortering','Jabalpur','IN','Madhya Pradesh','482001','23.1670,79.9501','',''),('https://www.facebook.com/sharer/sharer.php?u=https%3A%2F%2Fwww.youtube.com%2Fmrlokhande','http://www.urllive.in:8084/UrlLive/x7cWuV','12/05/2020','12:23:38 PM','Windows','Chrome','157.34.28.100','Facebook Link','Jabalpur','IN','Madhya Pradesh','482001','23.1670,79.9501','',''),('http://twitter.com/share?text=SUBSCRIBE my channel...&url=https%3A%2F%2Fwww.youtube.com%2FMrLokhande&hashtags=ANKUSHLOKHANDE,MRLOKHANDE','http://www.urllive.in:8084/UrlLive/SHI726','12/05/2020','12:45:45 PM','Windows','Chrome','157.34.28.100','Twitter Link','Jabalpur','IN','Madhya Pradesh','482001','23.1670,79.9501','',''),('http://twitter.com/share?text=&url=urllive.in%3A8084%2FUrlLive%2Ftwitter%2Fapi&hashtags=','http://www.urllive.in:8084/UrlLive/Zkf7rr','12/05/2020','01:02:29 PM','Windows','Chrome','157.34.28.100','Twitter Link','Jabalpur','IN','Madhya Pradesh','482001','23.1670,79.9501','',''),('http://twitter.com/share?text=Hello+Test+Link&url=urllive.in%3A8084%2FUrlLive%2Ftwitter%2Fapi&hashtags=ANKUSH,LOKHANDE','http://www.urllive.in:8084/UrlLive/yci4OH','12/05/2020','01:07:44 PM','Windows','Chrome','157.34.28.100','Twitter Link','Jabalpur','IN','Madhya Pradesh','482001','23.1670,79.9501','',''),('http://twitter.com/share?text=Hello%2C+I+am+Ankush%0A&url=urllive.in%3A8084%2FUrlLive%2Ftwitter%2Fapi%0A&hashtags=ANKUSH,LOKHANDE','http://www.urllive.in:8084/UrlLive/jAieiT','12/05/2020','01:12:29 PM','Windows','Chrome','157.34.28.100','Twitter Link','Jabalpur','IN','Madhya Pradesh','482001','23.1670,79.9501','',''),('http://twitter.com/share?text=Hii%2C+This+is+Ankush...%0A&url=https%3A%2F%2Fcss-tricks.com%2Fsimple-social-sharing-links%2F%0A&hashtags=ANKUSH,LOKHANDE','http://www.urllive.in:8084/UrlLive/YlmNwm','12/05/2020','01:13:56 PM','Windows','Chrome','157.34.28.100','Twitter Link','Jabalpur','IN','Madhya Pradesh','482001','23.1670,79.9501','',''),('http://twitter.com/share?text=Hii+Ankush&url=https%3A%2F%2Fcss-tricks.com%2Fsimple-social-sharing-links%2F%0A&hashtags=ANKUSH,MRLOKHANDE','http://www.urllive.in:8084/UrlLive/6zr0fd','12/05/2020','01:14:57 PM','Windows','Chrome','157.34.28.100','Twitter Link','Jabalpur','IN','Madhya Pradesh','482001','23.1670,79.9501','',''),('http://twitter.com/share?text=Hii+Ankush&url=https%3A%2F%2Fcss-tricks.com%2Fsimple-social-sharing-links%2F&hashtags=ANKUSH,LAJ','http://www.urllive.in:8084/UrlLive/ofX0Rv','12/05/2020','01:15:43 PM','Windows','Chrome','157.34.28.100','Twitter Link','Jabalpur','IN','Madhya Pradesh','482001','23.1670,79.9501','',''),('http://twitter.com/share?text=This+is+Ankush+Lokhande...%0A&url=https%3A%2F%2Fcss-tricks.com%2Fsimple-social-sharing-links%2F&hashtags=MRLOKHANDE,ANKUSH','http://www.urllive.in:8084/UrlLive/ucWUfv','12/05/2020','01:17:53 PM','Windows','Chrome','157.34.28.100','Twitter Link','Jabalpur','IN','Madhya Pradesh','482001','23.1670,79.9501','',''),('https://www.linkedin.com/shareArticle?mini=true&url=https%3A%2F%2Fwww.youtube.com%2Fmrlokhande','http://www.urllive.in:8084/UrlLive/h2R5Bp','12/05/2020','01:50:22 PM','Windows','Chrome','157.34.28.100','Linkedin Link','Jabalpur','IN','Madhya Pradesh','482001','23.1670,79.9501','',''),('https://www.linkedin.com/shareArticle?mini=true&url=https%3A%2F%2Fwww.youtube.com%2Fmrlokhande&title=Hello','http://www.urllive.in:8084/UrlLive/61ZTZN','12/05/2020','01:51:33 PM','Windows','Chrome','157.34.28.100','Linkedin Link','Jabalpur','IN','Madhya Pradesh','482001','23.1670,79.9501','',''),('https://www.linkedin.com/shareArticle?mini=true&url=https%3A%2F%2Fwww.youtube.com%2Fmrlokhande&title=Hello&summary=Ankush+Lokhande','http://www.urllive.in:8084/UrlLive/3RcCk8','12/05/2020','01:52:02 PM','Windows','Chrome','157.34.28.100','Linkedin Link','Jabalpur','IN','Madhya Pradesh','482001','23.1670,79.9501','',''),('https://www.linkedin.com/shareArticle?mini=true&url=https%3A%2F%2Fwww.youtube.com%2Fmrlokhande&title=https%3A%2F%2Fwww.youtube.com%2Fmrlokhande&summary=https%3A%2F%2Fwww.youtube.com%2Fmrlokhande&source=https%3A%2F%2Fwww.youtube.com%2Fmrlokhande','http://www.urllive.in:8084/UrlLive/FctcZL','12/05/2020','01:52:24 PM','Windows','Chrome','157.34.28.100','Linkedin Link','Jabalpur','IN','Madhya Pradesh','482001','23.1670,79.9501','',''),('https://www.facebook.com','http://www.urllive.in:8084/UrlLive/xFSQMs','12/05/2020','04:23:42 PM','Windows','Chrome','157.34.28.100','Link Shortering','Jabalpur','IN','Madhya Pradesh','482001','23.1670,79.9501','',''),('https://www.yahoo.com','http://www.urllive.in:8084/UrlLive/google/F6xa','12/05/2020','04:32:42 PM','Windows','Chrome','157.34.28.100','Custom URL','Jabalpur','IN','Madhya Pradesh','482001','23.1670,79.9501','',''),('https://web.whatsapp.com/','http://www.urllive.in:8084/UrlLive/UsWEru','12/05/2020','09:35:01 PM','Windows','Chrome','157.34.28.5','Link Shortering','Jabalpur','IN','Madhya Pradesh','482001','23.1670,79.9501','',''),('https://www.google.com/','http://www.urllive.in:8084/UrlLive/google/bOlz','12/05/2020','09:55:09 PM','Windows','Chrome','157.34.28.5','Custom URL','Jabalpur','IN','Madhya Pradesh','482001','23.1670,79.9501','',''),('https://fontawesome.com/v4.7.0/icons/','http://www.urllive.in:8084/UrlLive/WvtQeX','12/05/2020','10:00:34 PM','Windows','Chrome','157.34.28.5','Link Shortering','Jabalpur','IN','Madhya Pradesh','482001','23.1670,79.9501','',''),('https://ahrefs.com/blog/open-graph-meta-tags/','http://www.urllive.in:8084/UrlLive/S40f8C','13/05/2020','04:52:33 PM','Windows','Chrome','152.57.4.166','Link Shortering','Airoli','IN','Maharashtra','400701','19.1167,72.9833','',''),('https://fontawesome.com/v4.7.0/icons/','http://www.urllive.in:8084/UrlLive/abhi/dwa0','14/05/2020','08:19:23 AM','Windows','Chrome','','Custom URL','','','','','','',''),('https://www.yaoo.com/','http://www.urllive.in:8084/UrlLive/yahoo/QwIh','14/05/2020','02:17:54 PM','Windows','Chrome','','Custom URL','','','','','','',''),('https://www.google.com','http://www.urllive.in:8084/UrlLive/9oevMR','16/05/2020','09:53:46 PM','Windows','Chrome','157.34.101.214','Link Shortering','Indore','IN','Madhya Pradesh','452002','22.7179,75.8333','',''),('http://twitter.com/share?text=Baycott+CHINA%0A&url=&hashtags=#CHINA_BOYCOTT','http://www.urllive.in:8084/UrlLive/XMNp96','17/05/2020','03:16:45 PM','Windows','Chrome','157.34.94.173','Twitter Link','Bhopal','IN','Madhya Pradesh','464993','23.2547,77.4029','',''),('http://twitter.com/share?text=Checkout+Website%21%21%21%0A&url=https%3A%2F%2Fwww.google.com&hashtags=GOOGLE,CHROME','http://www.urllive.in:8084/UrlLive/p770Su','17/05/2020','03:26:00 PM','Windows','Chrome','157.34.94.173','Twitter Link','Bhopal','IN','Madhya Pradesh','464993','23.2547,77.4029','',''),('http://twitter.com/share?hashtags=GOOGLE,CHROME&text=Best+Search+Engine...&&url=none','http://www.urllive.in:8084/UrlLive/4PbrKX','17/05/2020','03:27:06 PM','Windows','Chrome','157.34.94.173','Twitter Link','Bhopal','IN','Madhya Pradesh','464993','23.2547,77.4029','',''),('http://twitter.com/share?text=Best+Search+Engine%0A&url=https%3A%2F%2Fwww.google.com&hashtags=GOOGLE,CHROME','http://www.urllive.in:8084/UrlLive/uBOTg0','17/05/2020','03:32:49 PM','Windows','Chrome','157.34.94.173','Twitter Link','Bhopal','IN','Madhya Pradesh','464993','23.2547,77.4029','',''),('http://twitter.com/share?text=Popular+Search+Engine%0A&url=none&hashtags=GOOGLE,CHROME','http://www.urllive.in:8084/UrlLive/fREk50','17/05/2020','03:33:41 PM','Windows','Chrome','157.34.94.173','Twitter Link','Bhopal','IN','Madhya Pradesh','464993','23.2547,77.4029','',''),('https://www.facebook.com','http://www.urllive.in:8084/UrlLive/LktSfp','18/05/2020','12:59:59 PM','Windows','Chrome','157.34.55.119','Link Shortering','Satna','IN','Madhya Pradesh','485001','24.5773,80.8272','',''),('https://www.twitter.com','http://www.urllive.in:8084/UrlLive/vivek/QLQr','18/05/2020','01:03:38 PM','Windows','Chrome','157.34.55.119','Custom URL','Satna','IN','Madhya Pradesh','485001','24.5773,80.8272','',''),('https://api.whatsapp.com/send?text=Hiii+%0A%0A*urllive.in:8084/UrlLive/whatsapp/api*&app_absent=true','http://www.urllive.in:8084/UrlLive/BsTaWn','18/05/2020','01:05:59 PM','Windows','Chrome','157.34.55.119','Whatsapp Bulk Message','Satna','IN','Madhya Pradesh','485001','24.5773,80.8272','',''),('https://api.whatsapp.com/send?phone=919826350028&text=Hii+sir+i+found+u+on+youtube%0A%0A*urllive.in:8084/UrlLive/whatsapp/api*&app_absent=true','http://www.urllive.in:8084/UrlLive/uBbSKS','18/05/2020','01:08:08 PM','Windows','Chrome','157.34.55.119','Whatsapp Chat Message','Satna','IN','Madhya Pradesh','485001','24.5773,80.8272','',''),('mailto:ankush13lokhande@gmail.com?cc=&bcc=&subject=SUB&body=Hii','http://www.urllive.in:8084/UrlLive/5jsWmq','18/05/2020','01:09:00 PM','Windows','Chrome','157.34.55.119','Email Link','Satna','IN','Madhya Pradesh','485001','24.5773,80.8272','',''),('https://www.facebook.com/sharer/sharer.php?u=https%3A%2F%2Fwww.youtube.com%2Fvivekuprit','http://www.urllive.in:8084/UrlLive/gRJ7lE','18/05/2020','01:10:44 PM','Windows','Chrome','157.34.55.119','Facebook Link','Satna','IN','Madhya Pradesh','485001','24.5773,80.8272','',''),('http://twitter.com/share?text=Hii+Hello%0A&url=https%3A%2F%2Fwww.facebook.com%2Fsharer%2Fsharer.php%3Fu%3Dhttps%253A%252F%252Fwww.youtube.com%252Fvivekuprit&hashtags=VIVEK,UPRIT','http://www.urllive.in:8084/UrlLive/A2mrjI','18/05/2020','01:11:45 PM','Windows','Chrome','157.34.55.119','Twitter Link','Satna','IN','Madhya Pradesh','485001','24.5773,80.8272','',''),('https://www.linkedin.com','http://www.urllive.in:8084/UrlLive/j7tw1U','18/05/2020','08:04:48 PM','Windows','Chrome','157.34.32.183','Link Shortering','Bhopal','IN','Madhya Pradesh','464993','23.2547,77.4029','',''),('https://www.linkedin.com/','http://www.urllive.in:8084/UrlLive/1RXNn3','18/05/2020','08:05:24 PM','Windows','Chrome','157.34.32.183','Link Shortering','Bhopal','IN','Madhya Pradesh','464993','23.2547,77.4029','',''),('https://translate.google.co.in/#view=home&op=translate&sl=hi&tl=en&text=%E0%A4%AF%E0%A4%B9%20%E0%A4%B5%E0%A4%BF%E0%A4%95%E0%A4%BE%E0%A4%B8%20%E0%A4%AE%E0%A5%87%E0%A4%82%20%E0%A4%B9%E0%A5%88','http://www.urllive.in:8084/UrlLive/ank/8WE2','24/05/2020','07:58:55 PM','Windows','Chrome','47.247.169.104','Custom URL','Indore','IN','Madhya Pradesh','452002','22.7179,75.8333','',''),('https://www.google.com/search?q=seo+tool&rlz=1C1CHBD_enIN890IN890&oq=seo+tool&aqs=chrome..69i57j0l5j69i65l2.2049j0j4&sourceid=chrome&ie=UTF-8','http://www.urllive.in:8084/UrlLive/HVDH6E','27/05/2020','02:05:30 PM','Windows','Chrome','47.247.67.232','Link Shortering','Indore','IN','Madhya Pradesh','452002','22.7179,75.8333','',''),('https://fontawesome.com/v4.7.0/icons/','http://www.urllive.in:8084/UrlLive/yzNduF','30/05/2020','11:19:08 AM','Windows','Chrome','47.247.45.120','Link Shortering','Indore','IN','Madhya Pradesh','452002','22.7179,75.8333','',''),('https://www.google.com/search?q=images&safe=active&rlz=1C1CHBD_enIN890IN890&sxsrf=ALeKk036iS6m-Ovl2C7kqDwLA-zbq3JG7w:1590817772311&source=lnms&tbm=isch&sa=X&ved=2ahUKEwjR-OGB8trpAhUVgOYKHZz8BdcQ_AUoAXoECBIQAw&biw=1536&bih=722','http://www.urllive.in:8084/UrlLive/CS/gReH','30/05/2020','11:34:53 AM','Windows','Chrome','47.247.45.120','Custom URL','Indore','IN','Madhya Pradesh','452002','22.7179,75.8333','',''),('https://www.google.com/search?q=images&safe=active&rlz=1C1CHBD_enIN890IN890&sxsrf=ALeKk036iS6m-Ovl2C7kqDwLA-zbq3JG7w:1590817772311&source=lnms&tbm=isch&sa=X&ved=2ahUKEwjR-OGB8trpAhUVgOYKHZz8BdcQ_AUoAXoECBIQAw&biw=1536&bih=722','http://www.urllive.in:8084/UrlLive/CS/3QJr','30/05/2020','11:35:05 AM','Windows','Chrome','47.247.45.120','Custom URL','Indore','IN','Madhya Pradesh','452002','22.7179,75.8333','',''),('https://api.whatsapp.com/send?text=*URL+LIVE+Website+Testing*%0A%0A*https://fontawesome.com/v4.7.0/icons/*&app_absent=true','http://www.urllive.in:8084/UrlLive/KhVwo8','30/05/2020','11:43:53 AM','Windows','Chrome','47.247.45.120','Whatsapp Bulk Message','Indore','IN','Madhya Pradesh','452002','22.7179,75.8333','',''),('mailto:ankush13lokhande@gmail.com?cc=&bcc=&subject=STUDY&body=I+want+study...','http://www.urllive.in:8084/UrlLive/5bEfJW','30/05/2020','11:50:42 AM','Windows','Chrome','47.247.45.120','Email Link','Indore','IN','Madhya Pradesh','452002','22.7179,75.8333','',''),('https://www.facebook.com/sharer/sharer.php?u=https%3A%2F%2Fwww.youtube.com%2FMrLokhande%3Fsub_confirmation%3D1','http://www.urllive.in:8084/UrlLive/L4wUED','30/05/2020','11:53:23 AM','Windows','Chrome','47.247.95.102','Facebook Link','Indore','IN','Madhya Pradesh','452002','22.7179,75.8333','',''),('http://twitter.com/share?text=Share+this+youtube+channel...%0A&url=https%3A%2F%2Fwww.youtube.com%2FMrLokhande%3Fsub_confirmation%3D1&hashtags=ANKUSH,LOKHANDE','http://www.urllive.in:8084/UrlLive/DFNzp4','30/05/2020','11:56:10 AM','Windows','Chrome','47.247.45.120','Twitter Link','Indore','IN','Madhya Pradesh','452002','22.7179,75.8333','',''),('https://www.google.com/search?q=images&safe=active&rlz=1C1CHBD_enIN890IN890&sxsrf=ALeKk02nRCGxeV0dbjNlKmZIhi-CLtifRg:1591626247562&tbm=isch&source=iu&ictx=1&fir=nH5liarSz56duM%253A%252C0JWe7yDOKrVFAM%252C%252Fm%252F0jg24&vet=1&usg=AI4_-kSSivATYFIi_VbR4vMiRlW-9Bppeg&sa=X&ved=2ahUKEwi9kOfotfLpAhUDjeYKHWIlCm0Q_B0wHHoECAYQAw&biw=1536&bih=722#imgrc=nH5liarSz56duM:','http://www.urllive.in:8084/UrlLive/49Pu0Y','08/06/2020','07:54:28 PM','Windows','Chrome','157.34.116.13','Link Shortering','Bhopal','IN','Madhya Pradesh','464993','23.2547,77.4029','',''),('https://www.google.com/search?q=images&safe=active&rlz=1C1CHBD_enIN890IN890&sxsrf=ALeKk02nRCGxeV0dbjNlKmZIhi-CLtifRg:1591626247562&tbm=isch&source=iu&ictx=1&fir=nH5liarSz56duM%253A%252C0JWe7yDOKrVFAM%252C%252Fm%252F0jg24&vet=1&usg=AI4_-kSSivATYFIi_VbR4vMiRlW-9Bppeg&sa=X&ved=2ahUKEwi9kOfotfLpAhUDjeYKHWIlCm0Q_B0wHHoECAYQAw&biw=1536&bih=722#imgrc=nH5liarSz56duM:','http://www.urllive.in:8084/UrlLive/rahuljain/vhGd','08/06/2020','07:57:30 PM','Windows','Chrome','157.34.116.13','Custom URL','Bhopal','IN','Madhya Pradesh','464993','23.2547,77.4029','',''),('https://www.google.com/search?q=images+ankush+lokhande&safe=active&rlz=1C1CHBD_enIN890IN890&sxsrf=ALeKk02qrGbfod0RwfPGkdaqdIJ-ZTGdOw:1591889259382&source=lnms&tbm=isch&sa=X&ved=2ahUKEwje2c7OifrpAhWE7XMBHUPPDcUQ_AUoAXoECAsQAw&biw=1536&bih=722','http://www.urllive.in:8084/UrlLive/pdFMbG','11/06/2020','09:20:35 PM','Windows','Chrome','157.34.110.143','Link Shortering','Bhopal','IN','Madhya Pradesh','464993','23.2547,77.4029','',''),('https://www.google.com/search?q=images+ankush+lokhande&safe=active&rlz=1C1CHBD_enIN890IN890&sxsrf=ALeKk02qrGbfod0RwfPGkdaqdIJ-ZTGdOw:1591889259382&source=lnms&tbm=isch&sa=X&ved=2ahUKEwje2c7OifrpAhWE7XMBHUPPDcUQ_AUoAXoECAsQAw&biw=1536&bih=722','http://www.urllive.in:8084/UrlLive/vinod/2W7G','11/06/2020','09:24:23 PM','Windows','Chrome','157.34.110.143','Custom URL','Bhopal','IN','Madhya Pradesh','464993','23.2547,77.4029','',''),('http://twitter.com/share?text=Ankush+Photos%0A&url=http%3A%2F%2Fwww.urllive.in%3A8084%2FUrlLive%2Fvinod%2F2W7G&hashtags=ANKUSH,MRLOKHANDE','http://www.urllive.in:8084/UrlLive/ZsMQZY','11/06/2020','09:29:56 PM','Windows','Chrome','157.34.110.143','Twitter Link','Bhopal','IN','Madhya Pradesh','464993','23.2547,77.4029','',''),('https://indraedu.com/','http://www.urllive.in:8084/UrlLive/A569v0','05/08/2020','05:14:07 PM','Windows','Chrome','157.34.88.105','Link Shortering','Bhop&#257;l','IN','Madhya Pradesh','464993','23.2547,77.4029','',''),('https://www.google.com/search?safe=active&sxsrf=ALeKk03duwvihB8bnLRK2ITCWvRRT-OJRQ%3A1597320045143&ei=bSs1X6GoCMbTz7sPt56NmAE&q=netbeans+installation+youtube&oq=netbeans+installation+you&gs_lcp=CgZwc3ktYWIQAxgAMgUIIRCgAToECAAQRzoECAAQQzoHCAAQFBCHAjoCCAA6BggAEBYQHjoGCAAQDRAeOggIABAIEA0QHlDUBViwFWCiIGgAcAF4AIABqgKIAfMGkgEFMC4yLjKYAQCgAQGqAQdnd3Mtd2l6wAEB&sclient=psy-ab#kpvalbx=_cys1X4fRKLOQmgf1z6TYBQ28','http://www.urllive.in:8084/UrlLive/om3HcU','13/08/2020','05:41:50 PM','Windows','Chrome','27.5.44.168','Link Shortering','Indore','IN','Madhya Pradesh','452002','22.7179,75.8333','','');

/*!40101 SET SQL_MODE=@OLD_SQL_MODE */;
/*!40014 SET FOREIGN_KEY_CHECKS=@OLD_FOREIGN_KEY_CHECKS */;
/*!40014 SET UNIQUE_CHECKS=@OLD_UNIQUE_CHECKS */;
/*!40111 SET SQL_NOTES=@OLD_SQL_NOTES */;
